{"cameraMode":{"drawMode":0,"name":"Shaded","section":"Shading Mode"},"sceneLighting":false,"audioPlay":false,"sceneViewState":{"showFog":true,"showMaterialUpdate":false,"showSkybox":true,"showFlares":true,"showImageEffects":true,"showParticleSystems":true},"in2DMode":false,"pivot":{"x":9.822769165039063,"y":-10.294443130493164,"z":9.429621696472168},"rotation":{"x":-0.29112398624420168,"y":-0.36163949966430666,"z":0.11997346580028534,"w":-0.877536416053772},"size":28.024219512939454,"orthographic":false}